{
    "os": "Linux-5.4.0-150-generic-x86_64-with-glibc2.27",
    "python": "3.9.19",
    "heartbeatAt": "2024-07-18T09:53:40.599581",
    "startedAt": "2024-07-18T09:53:39.179474",
    "docker": null,
    "cuda": "10.2.89",
    "args": [],
    "state": "running",
    "program": "/home/lab/Desktop/on-policy-main/onpolicy/scripts/train/train_nmmo.py",
    "codePath": "train_nmmo.py",
    "host": "lab-Precision-Tower-7910",
    "username": "lab",
    "executable": "/home/lab/.conda/envs/nmmo_final/bin/python",
    "cpu_count": 8,
    "cpu_count_logical": 16,
    "cpu_freq": {
        "current": 1723.04275,
        "min": 1200.0,
        "max": 3000.0
    },
    "cpu_freq_per_core": [
        {
            "current": 1197.429,
            "min": 1200.0,
            "max": 3000.0
        },
        {
            "current": 1197.22,
            "min": 1200.0,
            "max": 3000.0
        },
        {
            "current": 1275.161,
            "min": 1200.0,
            "max": 3000.0
        },
        {
            "current": 1410.168,
            "min": 1200.0,
            "max": 3000.0
        },
        {
            "current": 1197.504,
            "min": 1200.0,
            "max": 3000.0
        },
        {
            "current": 2517.3,
            "min": 1200.0,
            "max": 3000.0
        },
        {
            "current": 2567.351,
            "min": 1200.0,
            "max": 3000.0
        },
        {
            "current": 2622.79,
            "min": 1200.0,
            "max": 3000.0
        },
        {
            "current": 1197.199,
            "min": 1200.0,
            "max": 3000.0
        },
        {
            "current": 1197.333,
            "min": 1200.0,
            "max": 3000.0
        },
        {
            "current": 1212.192,
            "min": 1200.0,
            "max": 3000.0
        },
        {
            "current": 1316.664,
            "min": 1200.0,
            "max": 3000.0
        },
        {
            "current": 1197.227,
            "min": 1200.0,
            "max": 3000.0
        },
        {
            "current": 2343.716,
            "min": 1200.0,
            "max": 3000.0
        },
        {
            "current": 2559.294,
            "min": 1200.0,
            "max": 3000.0
        },
        {
            "current": 2560.136,
            "min": 1200.0,
            "max": 3000.0
        }
    ],
    "disk": {
        "total": 915.3232879638672,
        "used": 756.401195526123
    },
    "gpu": "NVIDIA TITAN Xp",
    "gpu_count": 1,
    "gpu_devices": [
        {
            "name": "NVIDIA TITAN Xp",
            "memory_total": 12764905472
        }
    ],
    "memory": {
        "total": 62.733543395996094
    }
}
